"User ID","Username","Email","First Name","Last Name","Whatsapp Number","Company Name","Company Email","Company Phone Number","Company Location","Company Type","Hire Resources","Company Strength","Company Linkedin","Company Website","Vendor Linkedin"
"687de8c78f45f45c053b0dfe","YashCompany","yashcompany47@yopmail.com","Yash","Shah","2912001214","Yash Tech Pvt Ltd","yashtech47@yopmail.com","2949391021","Ahmedabad","both","all","50","https://testtests.com","https://www.test.com/","https://testtests.com"
"687f8366b78abcb23d354a93","Vender251","Vender251@yopmail.com","Colin","Vender","4919021021","Colin Technologies Pvt Ltd","vender251@yopmail.com","4901320120","1 Just test street","product","in-house","500","https://testtest.com","https://www.tesj239.com","https://fjjjas.tasda"
"68a8599022cb5ca855909472","ashivn","ashvinomprakashz24@gmail.com","Prajapati","omprakashbhai","1234565431","silveroak university","ashvinomprakashz24@gmail.com","0748784480","silveroak university","service","c2h","200","https://in.linkedin.com/","https://tb-front-lime.vercel.app/userprofileAdd","https://in.linkedin.com/"
"68dcf974f2b637eb3868c212","sonalRathod","sonal@mail.com","sonal","Rathod","","","","","","","","","","",""
"68e760b1b78acd923a083c8f","SaraAho","saraAho@yopmail.com","Sara","Aho","","","","","","","","","","",""
"6911ccf1847f498404947a43","ahsn","dede1@example.com","Acme Ltd","","","","","","","","","","","",""
"6911ce3d847f498404947a4c","ashkjin","venyy@example.com","Acme Ltd","","","","","","","","","","","",""
"6911ce61847f498404947a52","ashviiirn","vend1@example.com","Acme Ltd","","","","","","","","","","","",""
"6912c97712c06290dc6c5c76","vendor1","vendor1@example.com","Acme Ltd","","","","","","","","","","","",""
"6912c97812c06290dc6c5c78","vendor2","vendor2@example.com","Vendor","","","","","","","","","","","",""
"6912c97812c06290dc6c5c7a","vendor3","vendor3@example.com","TechSoft Pvt Ltd","omprakashbhai","","darama","","6477477474","","","","","","",""
"6912d213ef3da8b30a0a8aa6","aashu","ashvin1@example.com","Ap Ltd","","","","","","","","","","","",""
"6912d27fef3da8b30a0a8ab3","aasu","xyz@gmail.com","rama","prajapati","","","","","","","","","","",""
"6912d87baf4784c51008e9c5","ahhhh","ddhhdd4@gmail.com","Prajapati","omprakashbhai","","","","","","","","","","",""
"6912da29f5c2fbd996480bcb","omm","djdj@gmail.com","Prajapati","omprakashbhai","1234565477","silveroak university","ashvinom4@gmail.com","0748784480","","product","c2c","","","",""
"691320fcc66aed32a03333d9","v1","v1@example.com","Acme Ltd","","","","","","","","","","","",""
"6913219cd0bf4ec7edf71ef9","v11","v11@example.com","Acme Ltd","","","","","","","","","","","",""
"691427ff65ced19d6699711c","c11","c11_new@xyz.com","Jio Tech","","","","","","","","","","","",""
"69142ba023201f8783c7f52a","v001","v001_new@xyz.com","A P Pvt Ltd","","","","","","","","","","","",""
"691435a2635a03e30d8554d4","ved001","ved001_new@xyz.com","Acme Pvt Ltd","","","","","","","","","","","",""
"6914387f192c9e09535a9aeb","kjkj","ashvinompkjkj24@gmail.com","Prajapati","omprakashbhai","1234565333","silveroak university","","","","product","in-house","","","",""
"69143c7d93f6f0edc5076e6a","ved0001","ved0001_new@xyz.com","Acme Pvt Ltd","","","","","","","","","","","",""
"691454038ec167e631996aab","baustin","wreynolds@richards-huang.net","Greene-Allen","","","","","","","","","","","",""
"691454048ec167e631996aad","lisa36","elizabethferrell@levy.com","Mason-Gregory","","","","","","","","","","","",""
"691454058ec167e631996aaf","guerrerochelsea","raymondkelly@gmail.com","York-Solis","","","","","","","","","","","",""
"691454068ec167e631996ab1","ariel74","patrick25@anderson-acosta.biz","Fisher, Ross and Hodges","","","","","","","","","","","",""
"691454078ec167e631996ab3","charlotte46","keith79@cervantes.com","Robinson-Jackson","","","","","","","","","","","",""
"691454088ec167e631996ab5","penningtonmichael","shane99@rhodes.net","Ballard, Melendez and Gomez","","","","","","","","","","","",""
"691454088ec167e631996ab7","nelsonduane","thomasvictoria@brown.info","Lee, Jackson and Flores","","","","","","","","","","","",""
"691454098ec167e631996ab9","ggoodman","gmartinez@vargas.com","Silva, Rodriguez and Nelson","","","","","","","","","","","",""
"6914540a8ec167e631996abb","vwilliams","ericaalexander@hotmail.com","Salazar-Taylor","","","","","","","","","","","",""
"6914540b8ec167e631996abd","roy20","thompsonbenjamin@hunt-norton.com","Owens Ltd","","","","","","","","","","","",""
"691455e60ee5d7819277769b","raja","raja_new@xyz.com","Acme Pvt Ltd","","","","","","","","","","","",""
"691464f4cf849ce778cfbe88","raje","raje_new@xyz.com","Ae Pvt Ltd","","","","","","","","","","","",""
"69147594c9694b4e5c4aaef0","v311","v311@example.com","Acme Ltd","","","","","","","","","","","",""
"69147779dafabcd1020d1fb0","sima","sima_new@xyz.com","Jio Tech","","","","","","","","","","","",""